{
  "parent": "item/generated",
  "textures": {
    "layer0": "block/red_stained_glass"
  },
	"overrides": [
    {"predicate": {"custom_model_data":7340009}, "model": "teplus:ui/no_progress/merge_down"},
    {"predicate": {"custom_model_data":7340010}, "model": "teplus:ui/no_progress/merge_left"},
    {"predicate": {"custom_model_data":7340011}, "model": "teplus:ui/no_progress/merge_right"},
    {"predicate": {"custom_model_data":7340012}, "model": "teplus:ui/no_progress/arrow_left"},
    {"predicate": {"custom_model_data":7340013}, "model": "teplus:ui/no_progress/arrow_right"},
    {"predicate": {"custom_model_data":7340014}, "model": "teplus:ui/no_progress/extract"}
	]
}